{
  "baseline_avg": {
    "label": "Baseline-avg  (warm)",
    "rmse": 1.2182152263768706,
    "mae": 0.8921489084258546,
    "n": 905851
  },
  "baseline_svd": {
    "label": "SVD-raw       (warm)",
    "rmse": 1.4055570556299781,
    "mae": 0.9908433405474951,
    "n": 905851
  },
  "has_svd": {
    "label": "HAS+SVD       (warm)",
    "rmse": 1.4075017412645205,
    "mae": 1.0031371019286415,
    "n": 905851
  }
}